Workbook

Sheet Concentration
A1: Date | B1: Time | C1: TSP [ug/m3] | D1: PM10 [ug/m3] | E1: PM2.5 [ug/m3] | F1: PM1 [ug/m3] | G1: TC [1/l]
A2: 45614.651 | B2: 45614.651 | C2: 24.5 | D2: 24.5 | E2: 24.1 | F2: 23.3 | G2: 862530
A3: 45614.651 | B3: 45614.651 | C3: 26.6 | D3: 26.6 | E3: 24.8 | F3: 23.4 | G3: 867590
A4: 45614.651 | B4: 45614.651 | C4: 24.2 | D4: 24.2 | E4: 23.5 | F4: 23.2 | G4: 863950
A5: 45614.651 | B5: 45614.651 | C5: 25.1 | D5: 25.1 | E5: 23.9 | F5: 22.8 | G5: 862830
A6: 45614.651 | B6: 45614.651 | C6: 25 | D6: 25 | E6: 24.3 | F6: 23 | G6: 846180
A7: 45614.651 | B7: 45614.651 | C7: 23.4 | D7: 23.4 | E7: 23.3 | F7: 22.9 | G7: 855900
A8: 45614.651 | B8: 45614.651 | C8: 25.3 | D8: 25.3 | E8: 24 | F8: 22.9 | G8: 849720
A9: 45614.651 | B9: 45614.651 | C9: 25.6 | D9: 25.6 | E9: 24.1 | F9: 23.4 | G9: 869360
A10: 45614.651 | B10: 45614.651 | C10: 25.2 | D10: 25.2 | E10: 24.5 | F10: 23.5 | G10: 866220
A11: 45614.651 | B11: 45614.651 | C11: 25.1 | D11: 25.1 | E11: 24.7 | F11: 24 | G11: 886440
A12: 45614.651 | B12: 45614.651 | C12: 26.7 | D12: 26.7 | E12: 25.4 | F12: 23.6 | G12: 881630
A13: 45614.651 | B13: 45614.651 | C13: 25.7 | D13: 25.7 | E13: 24.3 | F13: 23.3 | G13: 873670
... A431: 45614.68 | B431: 45614.68 | C431: 70.7 | D431: 39.7 | E431: 25.9 | F431: 21.8 | G431: 769780

Sheet Trip result
A1: time | B1: timestamp_received | C1: timestamp | D1: trip | E1: signal | F1: isLive | G1: Battery_voltage | H1: Electrical_load | I1: Switch | J1: Fuel_level | K1: Intake_manifold_absolute_pressure | L1: Throttle_position | M1: Accelerator_pedal_position | N1: Coolant_temperature | O1: Vehicle_Speed | P1: Engine_speed | Q1: Target_air_fuel_ratio | R1: Estimated_catalyst_temperature | S1: Engine_status | T1: Status_bit | U1: Current_gear_shift_position_(Current_gear) | V1: Cumulative_mileage | W1: Clutch_torque | X1: Trip_fuel_consumption | Y1: Average_fuel_consumption_rate | Z1: Pumping_and_rubbing_friction_torque_at_current_condition | AA1: RON_factor | AB1: altitude | AC1: latitude | AD1: longitude | AE1: satelites | AF1: bearing | AG1: angular_speed | AH1: DTC
A2: 5800659 | B2: 2024-11-18 16:29:23 | C2: 45614.651 | D2: 4 | E2: 77 | F2: FALSE | G2: 13.5 | H2: 1 | I2: 33 | J2: 39.754 | K2: 33 | L2: 4.125 | M2: 0 | N2: 83 | O2: 0 | P2: 1027.25 | Q2: 14.4 | R2: 423 | S2: 3 | T2: 24 | U2: 13 | V2: 12426.016 | W2: -13.125 | X2: 1588.906 | Y2: 0.389 | Z2: 19.5 | AA2: 0.08 | AB2: 1272 | AC2: 35.706226 | AD2: 51.267235 | AE2: 12 | AF2: 0 | AG2: -1.5034266
A3: 5801659 | B3: 2024-11-18 16:29:23 | C3: 45614.651 | D3: 4 | E3: 77 | F3: FALSE | G3: 13.4 | H3: 1 | I3: 33 | J3: 39.621 | K3: 35 | L3: 4.609 | M3: 0 | N3: 82 | O3: 0 | P3: 1159.5 | Q3: 14.4 | R3: 429 | S3: 3 | T3: 24 | U3: 13 | V3: 12426.016 | W3: -17.75 | X3: 1967.719 | Y3: 0.431 | Z3: 19.125 | AA3: 0.08 | AB3: 1272 | AC3: 35.706226 | AD3: 51.267235 | AE3: 12 | AF3: 0 | AG3: 0
A4: 5802659 | B4: 2024-11-18 16:29:23 | C4: 45614.651 | D4: 4 | E4: 77 | F4: FALSE | G4: 13.4 | H4: 1 | I4: 33 | J4: 39.502 | K4: 33 | L4: 4.25 | M4: 0 | N4: 81 | O4: 0 | P4: 1113.75 | Q4: 14.5 | R4: 435 | S4: 3 | T4: 24 | U4: 13 | V4: 12426.016 | W4: -17.562 | X4: 2385.266 | Y4: 0.379 | Z4: 19.562 | AA4: 0.08 | AB4: 1272 | AC4: 35.706226 | AD4: 51.267235 | AE4: 12 | AF4: 0 | AG4: 0
A5: 5803659 | B5: 2024-11-18 16:29:25 | C5: 45614.651 | D5: 4 | E5: 77 | F5: FALSE | G5: 13.5 | H5: 1 | I5: 33 | J5: 39.395 | K5: 33 | L5: 3.887 | M5: 0 | N5: 80 | O5: 0 | P5: 1022.75 | Q5: 14.5 | R5: 444 | S5: 3 | T5: 24 | U5: 13 | V5: 12426.016 | W5: -16.25 | X5: 2821.469 | Y5: 0.347 | Z5: 20.062 | AA5: 0.08 | AB5: 1272 | AC5: 35.706226 | AD5: 51.267235 | AE5: 12 | AF5: 0 | AG5: 0
A6: 5804659 | B6: 2024-11-18 16:29:25 | C6: 45614.651 | D6: 4 | E6: 77 | F6: FALSE | G6: 13.2 | H6: 1 | I6: 33 | J6: 39.299 | K6: 34 | L6: 3.752 | M6: 0 | N6: 80 | O6: 0 | P6: 987 | Q6: 14.5 | R6: 447 | S6: 3 | T6: 24 | U6: 13 | V6: 12426.016 | W6: -15.562 | X6: 3103.547 | Y6: 0.349 | Z6: 20.25 | AA6: 0.08 | AB6: 1272 | AC6: 35.706226 | AD6: 51.267235 | AE6: 12 | AF6: 0 | AG6: 0
A7: 5805659 | B7: 2024-11-18 16:29:25 | C7: 45614.651 | D7: 4 | E7: 77 | F7: FALSE | G7: 13.3 | H7: 1 | I7: 33 | J7: 39.212 | K7: 38 | L7: 4.205 | M7: 0 | N7: 79 | O7: 0 | P7: 967.25 | Q7: 14.5 | R7: 450 | S7: 3 | T7: 24 | U7: 13 | V7: 12426.016 | W7: -16.125 | X7: 3469.125 | Y7: 0.409 | Z7: 20.125 | AA7: 0.08 | AB7: 1272 | AC7: 35.706226 | AD7: 51.267235 | AE7: 12 | AF7: 0 | AG7: 0
A8: 5806659 | B8: 2024-11-18 15:37:39 | C8: 45614.651 | D8: 4 | E8: 77 | F8: TRUE | G8: 13.3 | H8: 1 | I8: 33 | J8: 39.134 | K8: 37 | L8: 4.283 | M8: 0 | N8: 77 | O8: 0 | P8: 991.75 | Q8: 14.5 | R8: 456 | S8: 3 | T8: 24 | U8: 13 | V8: 12426.016 | W8: -17.188 | X8: 3913.672 | Y8: 0.392 | Z8: 20.125 | AA8: 0.08 | AB8: 1272 | AC8: 35.706226 | AD8: 51.267235 | AE8: 12 | AF8: 0 | AG8: 0
A9: 5807659 | B9: 2024-11-18 15:37:39 | C9: 45614.651 | D9: 4 | E9: 77 | F9: TRUE | G9: 13.2 | H9: 1 | I9: 33 | J9: 39.064 | K9: 37 | L9: 4.119 | M9: 0 | N9: 77 | O9: 0 | P9: 967 | Q9: 14.5 | R9: 459 | S9: 3 | T9: 24 | U9: 13 | V9: 12426.016 | W9: -15.5 | X9: 4271.438 | Y9: 0.383 | Z9: 20.25 | AA9: 0.08 | AB9: 1272 | AC9: 35.706226 | AD9: 51.267235 | AE9: 12 | AF9: 0 | AG9: 0
A10: 5808659 | B10: 2024-11-18 15:37:39 | C10: 45614.651 | D10: 4 | E10: 77 | F10: TRUE | G10: 13.1 | H10: 1 | I10: 33 | J10: 39.001 | K10: 39 | L10: 4.152 | M10: 0 | N10: 75 | O10: 0 | P10: 934.25 | Q10: 14.5 | R10: 459 | S10: 3 | T10: 24 | U10: 13 | V10: 12426.016 | W10: -15.25 | X10: 4658.656 | Y10: 0.39 | Z10: 20.188 | AA10: 0.08 | AB10: 1272 | AC10: 35.706226 | AD10: 51.267235 | AE10: 12 | AF10: 0 | AG10: 0
A11: 5809659 | B11: 2024-11-18 15:37:42 | C11: 45614.651 | D11: 4 | E11: 93 | F11: TRUE | G11: 13.2 | H11: 1 | I11: 33 | J11: 38.944 | K11: 39 | L11: 4.156 | M11: 0 | N11: 75 | O11: 0 | P11: 935 | Q11: 14.5 | R11: 462 | S11: 3 | T11: 24 | U11: 13 | V11: 12426.016 | W11: -13.938 | X11: 5071.547 | Y11: 0.389 | Z11: 20.25 | AA11: 0.08 | AB11: 1272 | AC11: 35.706226 | AD11: 51.267227 | AE11: 12 | AF11: 270 | AG11: -1.5707963
A12: 5810659 | B12: 2024-11-18 15:37:42 | C12: 45614.651 | D12: 4 | E12: 93 | F12: TRUE | G12: 13.2 | H12: 1 | I12: 33 | J12: 38.892 | K12: 38 | L12: 4.168 | M12: 0 | N12: 74 | O12: 0 | P12: 950.75 | Q12: 14.5 | R12: 465 | S12: 3 | T12: 24 | U12: 13 | V12: 12426.016 | W12: -15.312 | X12: 5431.375 | Y12: 0.383 | Z12: 20.25 | AA12: 0.08 | AB12: 1272 | AC12: 35.706226 | AD12: 51.267227 | AE12: 12 | AF12: 270 | AG12: 0
A13: 5811659 | B13: 2024-11-18 15:37:42 | C13: 45614.651 | D13: 4 | E13: 93 | F13: TRUE | G13: 13.2 | H13: 1 | I13: 33 | J13: 38.846 | K13: 38 | L13: 4.199 | M13: 0 | N13: 73 | O13: 0 | P13: 947.5 | Q13: 14.5 | R13: 468 | S13: 3 | T13: 24 | U13: 13 | V13: 12426.016 | W13: -15.25 | X13: 5820.25 | Y13: 0.388 | Z13: 20.188 | AA13: 0.08 | AB13: 1272 | AC13: 35.706226 | AD13: 51.267227 | AE13: 12 | AF13: 270 | AG13: 0
... A2311: 8307827 | B2311: 2024-11-18 16:42:29 | C2311: 45614.68 | D2311: 5 | E2311: 67 | F2311: FALSE | G2311: 0 | H2311: 65 | I2311: 32 | J2311: 33.697 | K2311: 87 | L2311: 8.504 | M2311: 0 | N2311: 73 | O2311: 0 | P2311: 0 | Q2311: 14.5 | R2311: 399 | S2311: 5 | T2311: 16 | U2311: 13 | V2311: 12446.254 | W2311: -36.062 | X2311: 1030291.1 | Y2311: 0.098 | Z2311: 15.312 | AA2311: 0.08 | AB2311: 1259 | AC2311: 35.705753 | AD2311: 51.267097 | AE2311: 12 | AF2311: 180 | AG2311: 0

Sheet Results
A1: time (s) | B1: time | C1: timestamp | D1: timestamp | E1: trip | F1: Vehicle_Speed | G1: average vehicle speed | H1: average time (s) | J1: Date | K1: Time | L1: TSP [ug/m3] | M1: PM10 [ug/m3] | N1: PM2.5 [ug/m3] | O1: PM1 [ug/m3] | P1: TC [1/l]
A2: =B2-B1 -> #VALUE! | B2: 5800659 | C2: 45614.651 | D2: 45614.651 | E2: 4 | F2: 0 | J2: 45614.651 | K2: 45614.651 | L2: 24.5 | M2: 24.5 | N2: 24.1 | O2: 23.3 | P2: 862530
A3: =B3-B2 -> 1000 | B3: 5801659 | C3: 45614.651 | D3: 45614.651 | E3: 4 | F3: 0 | J3: 45614.651 | K3: 45614.651 | L3: 26.6 | M3: 26.6 | N3: 24.8 | O3: 23.4 | P3: 867590 | S3: PM10 | T3: PM2.5 | U3: PM1
A4: =B4-B3 -> 1000 | B4: 5802659 | C4: 45614.651 | D4: 45614.651 | E4: 4 | F4: 0 | G4: =AVERAGE(F2:F4) -> 0 | H4: =AVERAGE(A2:A4) -> #VALUE! | J4: 45614.651 | K4: 45614.651 | L4: 24.2 | M4: 24.2 | N4: 23.5 | O4: 23.2 | P4: 863950 | R4: average in trip 4 | S4: =AVERAGE(M2:M260) -> 47.243243 | T4: =AVERAGE(N2:N260) -> 30.060618 | U4: =AVERAGE(O2:O260) -> 21.559073
A5: =B5-B4 -> 1000 | B5: 5803659 | C5: 45614.651 | D5: 45614.651 | E5: 4 | F5: 0 | G5: =AVERAGE(F3:F5) -> 0 | H5: =AVERAGE(A3:A5) -> 1000 | J5: 45614.651 | K5: 45614.651 | L5: 25.1 | M5: 25.1 | N5: 23.9 | O5: 22.8 | P5: 862830 | R5: average in trip 5 | S5: =AVERAGE(M261:M431) -> 47.846784 | T5: =AVERAGE(N261:N431) -> 33.21462 | U5: =AVERAGE(O261:O431) -> 24.957895
A6: =B6-B5 -> 1000 | B6: 5804659 | C6: 45614.651 | D6: 45614.651 | E6: 4 | F6: 0 | G6: =AVERAGE(F4:F6) -> 0 | H6: =AVERAGE(A4:A6) -> 1000 | J6: 45614.651 | K6: 45614.651 | L6: 25 | M6: 25 | N6: 24.3 | O6: 23 | P6: 846180
A7: =B7-B6 -> 1000 | B7: 5805659 | C7: 45614.651 | D7: 45614.651 | E7: 4 | F7: 0 | G7: =AVERAGE(F5:F7) -> 0 | H7: =AVERAGE(A5:A7) -> 1000 | J7: 45614.651 | K7: 45614.651 | L7: 23.4 | M7: 23.4 | N7: 23.3 | O7: 22.9 | P7: 855900
A8: =B8-B7 -> 1000 | B8: 5806659 | C8: 45614.651 | D8: 45614.651 | E8: 4 | F8: 0 | G8: =AVERAGE(F6:F8) -> 0 | H8: =AVERAGE(A6:A8) -> 1000 | J8: 45614.651 | K8: 45614.651 | L8: 25.3 | M8: 25.3 | N8: 24 | O8: 22.9 | P8: 849720
A9: =B9-B8 -> 1000 | B9: 5807659 | C9: 45614.651 | D9: 45614.651 | E9: 4 | F9: 0 | G9: =AVERAGE(F7:F9) -> 0 | H9: =AVERAGE(A7:A9) -> 1000 | J9: 45614.651 | K9: 45614.651 | L9: 25.6 | M9: 25.6 | N9: 24.1 | O9: 23.4 | P9: 869360
A10: =B10-B9 -> 1000 | B10: 5808659 | C10: 45614.651 | D10: 45614.651 | E10: 4 | F10: 0 | G10: =AVERAGE(F8:F10) -> 0 | H10: =AVERAGE(A8:A10) -> 1000 | J10: 45614.651 | K10: 45614.651 | L10: 25.2 | M10: 25.2 | N10: 24.5 | O10: 23.5 | P10: 866220
A11: =B11-B10 -> 1000 | B11: 5809659 | C11: 45614.651 | D11: 45614.651 | E11: 4 | F11: 0 | G11: =AVERAGE(F9:F11) -> 0 | H11: =AVERAGE(A9:A11) -> 1000 | J11: 45614.651 | K11: 45614.651 | L11: 25.1 | M11: 25.1 | N11: 24.7 | O11: 24 | P11: 886440
A12: =B12-B11 -> 1000 | B12: 5810659 | C12: 45614.651 | D12: 45614.651 | E12: 4 | F12: 0 | G12: =AVERAGE(F10:F12) -> 0 | H12: =AVERAGE(A10:A12) -> 1000 | J12: 45614.651 | K12: 45614.651 | L12: 26.7 | M12: 26.7 | N12: 25.4 | O12: 23.6 | P12: 881630
A13: =B13-B12 -> 1000 | B13: 5811659 | C13: 45614.651 | D13: 45614.651 | E13: 4 | F13: 0 | G13: =AVERAGE(F11:F13) -> 0 | H13: =AVERAGE(A11:A13) -> 1000 | J13: 45614.651 | K13: 45614.651 | L13: 25.7 | M13: 25.7 | N13: 24.3 | O13: 23.3 | P13: 873670
A14: =B14-B13 -> 1000 | B14: 5812659 | C14: 45614.651 | D14: 45614.651 | E14: 4 | F14: 0 | G14: =AVERAGE(F12:F14) -> 0 | H14: =AVERAGE(A12:A14) -> 1000 | J14: 45614.652 | K14: 45614.652 | L14: 25.9 | M14: 25.9 | N14: 24.6 | O14: 23.5 | P14: 867840
A15: =B15-B14 -> 1000 | B15: 5813659 | C15: 45614.651 | D15: 45614.651 | E15: 4 | F15: 0 | G15: =AVERAGE(F13:F15) -> 0 | H15: =AVERAGE(A13:A15) -> 1000 | J15: 45614.652 | K15: 45614.652 | L15: 24.9 | M15: 24.9 | N15: 24.5 | O15: 23.6 | P15: 879550
A16: =B16-B15 -> 1000 | B16: 5814659 | C16: 45614.651 | D16: 45614.651 | E16: 4 | F16: 0 | G16: =AVERAGE(F14:F16) -> 0 | H16: =AVERAGE(A14:A16) -> 1000 | J16: 45614.652 | K16: 45614.652 | L16: 25.8 | M16: 25.8 | N16: 24.5 | O16: 23.7 | P16: 881420
A17: =B17-B16 -> 1000 | B17: 5815659 | C17: 45614.651 | D17: 45614.651 | E17: 4 | F17: 0 | G17: =AVERAGE(F15:F17) -> 0 | H17: =AVERAGE(A15:A17) -> 1000 | J17: 45614.652 | K17: 45614.652 | L17: 25.3 | M17: 25.3 | N17: 24.7 | O17: 23.1 | P17: 869770
... A431: =B431-B430 -> 1000 | B431: 6232656 | C431: 45614.656 | D431: 45614.656 | E431: 4 | F431: 0 | G431: =AVERAGE(F429:F431) -> 0 | H431: =AVERAGE(A429:A431) -> 1000 | J431: 45614.68 | K431: 45614.68 | L431: 70.7 | M431: 39.7 | N431: 25.9 | O431: 21.8 | P431: 769780
A432: =B432-B431 -> 1000 | B432: 6233656 | C432: 45614.656 | D432: 45614.656 | E432: 4 | F432: 0 | G432: =AVERAGE(F430:F432) -> 0 | H432: =AVERAGE(A430:A432) -> 1000
A433: =B433-B432 -> 1000 | B433: 6234656 | C433: 45614.656 | D433: 45614.656 | E433: 4 | F433: 0 | G433: =AVERAGE(F431:F433) -> 0 | H433: =AVERAGE(A431:A433) -> 1000
A434: =B434-B433 -> 1000 | B434: 6235656 | C434: 45614.656 | D434: 45614.656 | E434: 4 | F434: 0 | G434: =AVERAGE(F432:F434) -> 0 | H434: =AVERAGE(A432:A434) -> 1000
A435: =B435-B434 -> 1000 | B435: 6236656 | C435: 45614.656 | D435: 45614.656 | E435: 4 | F435: 0 | G435: =AVERAGE(F433:F435) -> 0 | H435: =AVERAGE(A433:A435) -> 1000
A436: =B436-B435 -> 1000 | B436: 6237656 | C436: 45614.656 | D436: 45614.656 | E436: 4 | F436: 0 | G436: =AVERAGE(F434:F436) -> 0 | H436: =AVERAGE(A434:A436) -> 1000
A437: =B437-B436 -> 1000 | B437: 6238656 | C437: 45614.656 | D437: 45614.656 | E437: 4 | F437: 0 | G437: =AVERAGE(F435:F437) -> 0 | H437: =AVERAGE(A435:A437) -> 1000
A438: =B438-B437 -> 1000 | B438: 6239656 | C438: 45614.656 | D438: 45614.656 | E438: 4 | F438: 0 | G438: =AVERAGE(F436:F438) -> 0 | H438: =AVERAGE(A436:A438) -> 1000
A439: =B439-B438 -> 1000 | B439: 6240656 | C439: 45614.656 | D439: 45614.656 | E439: 4 | F439: 0 | G439: =AVERAGE(F437:F439) -> 0 | H439: =AVERAGE(A437:A439) -> 1000
A440: =B440-B439 -> 1000 | B440: 6241656 | C440: 45614.656 | D440: 45614.656 | E440: 4 | F440: 0 | G440: =AVERAGE(F438:F440) -> 0 | H440: =AVERAGE(A438:A440) -> 1000
A441: =B441-B440 -> 1000 | B441: 6242656 | C441: 45614.656 | D441: 45614.656 | E441: 4 | F441: 0 | G441: =AVERAGE(F439:F441) -> 0 | H441: =AVERAGE(A439:A441) -> 1000
A442: =B442-B441 -> 1000 | B442: 6243656 | C442: 45614.656 | D442: 45614.656 | E442: 4 | F442: 0 | G442: =AVERAGE(F440:F442) -> 0 | H442: =AVERAGE(A440:A442) -> 1000
A443: =B443-B442 -> 1000 | B443: 6244656 | C443: 45614.656 | D443: 45614.656 | E443: 4 | F443: 0 | G443: =AVERAGE(F441:F443) -> 0 | H443: =AVERAGE(A441:A443) -> 1000
... A2311: =B2311-B2310 -> 1000 | B2311: 8307827 | C2311: 45614.68 | D2311: 45614.68 | E2311: 5 | F2311: 0 | G2311: =AVERAGE(F2309:F2311) -> 0 | H2311: =AVERAGE(A2309:A2311) -> 1000

Sheet Report
A1: report_trip_number | B1: trip_start_time | C1: trip_end_time | D1: data_count | E1: trip_time | F1: trip_distance | G1: trip_idle_time | H1: trip_speed_avg | I1: trip_speed_std | J1: trip_speed_max | K1: trip_engine_speed_avg | L1: trip_acceleration_avg | M1: trip_deceleration_avg | N1: trip_accelerator_pedal_position_avg | O1: trip_accelerator_pedal_position_std | P1: trip_coolant_temperature_avg | Q1: trip_coolant_temperature_start | R1: trip_fuel_consumption_lit | S1: trip_fuel_consumption_avg
A2: trip_4 | B2: 45614.651 | C2: 45614.669 | D2: 1520 | E2: 1524 | F2: 10.183 | G2: 0.491 | H2: 24.22 | I2: 29.716 | J2: 95 | K2: 1884.367 | L2: 0.235 | M2: 0.875 | N2: 7.028 | O2: 13.635 | P2: 74.072 | Q2: 83 | R2: 1.584 | S2: 15.555
A3: trip_5 | B3: 45614.671 | C3: 45614.68 | D3: 765 | E3: 762 | F3: 10.055 | G3: 0.139 | H3: 47.515 | I3: 28.861 | J3: 100 | K3: 2324.016 | L3: 0.399 | M3: 0.772 | N3: 12.598 | O3: 17.261 | P3: 74.66 | Q3: 90 | R3: 1.03 | S3: 10.24
B7: trip_start_time | C7: trip_end_time | D7: PM10 | E7: PM2.5 | F7: PM1 | G7: trip_speed_avg | H7: trip_speed_std | I7: trip_speed_max | J7: trip_acceleration_avg | K7: trip_deceleration_avg
A8: trip_4 | B8: 45614.651 | C8: 45614.669 | D8: =AVERAGE(Results!M2:M260) -> 47.243243 | E8: =AVERAGE(Results!N2:N260) -> 30.060618 | F8: =AVERAGE(Results!O2:O260) -> 21.559073 | G8: 24.22 | H8: 29.716 | I8: 95 | J8: 0.235 | K8: 0.875
A9: trip_5 | B9: 45614.671 | C9: 45614.68 | D9: =AVERAGE(Results!M261:M431) -> 47.846784 | E9: =AVERAGE(Results!N261:N431) -> 33.21462 | F9: =AVERAGE(Results!O261:O431) -> 24.957895 | G9: 47.515 | H9: 28.861 | I9: 100 | J9: 0.399 | K9: 0.772
